FREQUENCY (MHz)),LOSS (dB),
1,-0.212029188,
3,-0.217405878,
5,-0.57679223,
7,-0.284289898,
9,-0.53417071,
11,-0.606931824,
13,-0.63486181,
15,-0.65985205,
17,-0.687542705,
19,-0.707627721,
21,-0.72232885,
23,-0.763979701,
25,-0.793622489,
27,-0.813957782,
29,-0.834537204,
31,-0.825231956,
33,-0.872270291,
35,-0.908284579,
37,-0.920780898,
39,-0.936951901,
41,-0.957532522,
43,-0.984472648,
45,-0.989874526,
47,-1.013394893,
49,-1.037391675,
51,-1.055031351,
53,-1.066317518,
55,-1.090310702,
57,-1.087372156,
59,-1.104541413,
61,-1.131001526,
63,-1.148642401,
65,-1.143967065,
67,-1.198622882,
69,-1.163348328,
71,-1.199090901,
73,-1.211123999,
75,-1.219210699,
77,-1.297511849,
79,-1.266251434,
81,-1.266253832,
83,-1.292713946,
85,-1.289776598,
87,-1.300521735,
89,-1.33726976,
91,-1.330940239,
93,-1.337272159,
95,-1.348583513,
97,-1.369611764,
99,-1.366226787,
101,-1.378433401,
103,-1.389749553,
105,-1.41326992,
107,-1.419593444,
109,-1.436792686,
111,-1.437234319,
113,-1.463693233,
115,-1.463992533,
117,-1.479864235,
119,-1.528671744,
121,-1.498541746,
123,-1.4953015,
125,-1.510736366,
127,-1.522066911,
129,-1.527948802,
131,-1.533830692,
133,-1.525439893,
135,-1.557353458,
137,-1.590116705,
139,-1.622032669,
141,-1.592637607,
143,-1.58970026,
145,-1.601880487,
147,-1.625716947,
149,-1.627924155,
151,-1.6308663,
153,-1.666145651,
155,-1.672027542,
157,-1.672029941,
159,-1.674972086,
161,-1.690082464,
163,-1.692288473,
165,-1.707316489,
167,-1.722017618,
169,-1.742598239,
171,-1.740395828,
173,-1.754764073,
175,-1.772002896,
177,-1.772005294,
179,-1.801405154,
181,-1.795925315,
183,-1.801409951,
185,-1.813171334,
187,-1.810233987,
189,-1.842573592,
191,-1.827877261,
193,-1.84257839,
195,-1.862812934,
197,-1.866488815,
199,-1.857670777,
201,-1.866491214,
203,-1.881191144,
205,-1.881192343,
207,-1.907269595,
209,-1.919030978,
211,-1.922352386,
213,-1.936317379,
215,-1.930062222,
217,-1.924920065,
219,-1.951754644,
221,-1.957262069,
223,-1.966083706,
225,-1.988505068,
227,-1.967928045,
229,-1.984832784,
231,-1.998797777,
233,-2.011292897,
235,-2.007254543,
237,-2.042533895,
239,-2.031139781,
241,-2.048779457,
243,-2.060179567,
245,-2.073410823,
247,-2.063124111,
249,-2.09252397,
251,-2.081122661,
253,-2.098762336,
255,-2.09582379,
257,-2.127810518,
259,-2.130752663,
261,-2.10170688,
263,-2.154623508,
265,-2.134046485,
267,-2.157565653,
269,-2.172265583,
271,-2.174863246,
273,-2.173737854,
275,-2.195052213,
277,-2.198728095,
279,-2.187705246,
281,-2.22117624,
283,-2.21897383,
285,-2.229600226,
287,-2.248376088,
289,-2.256462788,
291,-2.263410903,
293,-2.27664096,
295,-2.263413302,
297,-2.298691454,
299,-2.289873415,
301,-2.286934869,
303,-2.304250453,
305,-2.318951582,
307,-2.310134743,
309,-2.319276873,
311,-2.342476747,
313,-2.325158764,
315,-2.3721959,
317,-2.354242927,
319,-2.349100771,
321,-2.389837974,
323,-2.383959682,
325,-2.386900627,
327,-2.38396208,
329,-2.404541502,
331,-2.406012575,
333,-2.418936531,
335,-2.424818422,
337,-2.42482082,
339,-2.43511233,
341,-2.436584602,
343,-2.463344819,
345,-2.445707542,
347,-2.465989259,
349,-2.472167655,
351,-2.495391517,
353,-2.486868784,
355,-2.48980973,
357,-2.507157698,
359,-2.517449208,
361,-2.524800972,
363,-2.513044386,
365,-2.542444245,
367,-2.542732355,
369,-2.548613046,
371,-2.557150172,
373,-2.586832144,
375,-2.557435883,
377,-2.577735591,
379,-2.56625752,
381,-2.58582469,
383,-2.615959486,
385,-2.598598324,
387,-2.607145045,
389,-2.633605158,
391,-2.639487049,
393,-2.648308686,
395,-2.657130323,
397,-2.654460696,
399,-2.660074867,
401,-2.672101571,
403,-2.676983204,
405,-2.668901301,
407,-2.684599089,
409,-2.701243305,
411,-2.710064942,
413,-2.721826325,
415,-2.698567681,
417,-2.729180488,
419,-2.724773268,
421,-2.752703254,
423,-2.742668669,
425,-2.75295898,
427,-2.75712007,
429,-2.757370997,
431,-2.764721562,
433,-2.786524726,
435,-2.780892564,
437,-2.792652748,
439,-2.798290907,
441,-2.810293623,
443,-2.807355076,
445,-2.815440577,
447,-2.839694681,
449,-2.822057404,
451,-2.836757334,
453,-2.851223127,
455,-2.842406288,
457,-2.838734004,
459,-2.84558137,
461,-2.86225677,
463,-2.874981229,
465,-2.868875996,
467,-2.886516871,
469,-2.901218001,
471,-2.882335392,
473,-2.904384687,
475,-2.907325632,
477,-2.919085816,
479,-2.924966507,
481,-2.936509346,
483,-2.948486874,
485,-2.96885135,
487,-2.945549527,
489,-2.97473564,
491,-2.968858546,
493,-2.989439167,
495,-2.957313309,
497,-2.989443965,
499,-3.005614967,
501,-2.992388509,
503,-3.010029384,
505,-3.012971529,
507,-3.036491896,
509,-3.021795564,
511,-3.027677455,
513,-3.040096293,
515,-3.015923269,
517,-3.045518884,
519,-3.057279067,
521,-3.064629632,
523,-3.066835641,
525,-3.093103596,
527,-3.076937392,
529,-3.086493965,
531,-3.110749269,
533,-3.154112922,
535,-3.118838368,
537,-3.124720259,
539,-3.118843166,
541,-3.136484041,
543,-3.141630995,
545,-3.133549092,
547,-3.142370729,
549,-3.160011604,
551,-3.124912417,
553,-3.169009807,
555,-3.16607126,
557,-3.165165755,
559,-3.186651881,
561,-3.195472319,
563,-3.198413264,
565,-3.192368001,
567,-3.189596425,
569,-3.210175846,
571,-3.215893166,
573,-3.198419261,
575,-3.213119191,
577,-3.230599093,
579,-3.252649587,
581,-3.242362875,
583,-3.260159925,
585,-3.257066402,
587,-3.265888039,
589,-3.2570712,
591,-3.259278408,
593,-3.258696049,
595,-3.295295095,
597,-3.28353851,
599,-3.309998623,
601,-3.283543307,
603,-3.306328738,
605,-3.295450071,
607,-3.316622647,
609,-3.313090946,
611,-3.33647073,
613,-3.324852329,
615,-3.335005655,
617,-3.371754879,
619,-3.348239309,
621,-3.366013571,
623,-3.362942837,
625,-3.368955716,
627,-3.380586111,
629,-3.395415829,
631,-3.386597791,
633,-3.389412546,
635,-3.389414944,
637,-3.407055819,
639,-3.39823898,
641,-3.404120871,
643,-3.410122955,
645,-3.430583383,
647,-3.427646036,
649,-3.448343252,
651,-3.430590579,
653,-3.451171201,
655,-3.457053091,
657,-3.44834805,
659,-3.483515603,
661,-3.486567147,
663,-3.4836286,
665,-3.472498752,
667,-3.518907952,
669,-3.496126119,
671,-3.505578092,
673,-3.512929855,
675,-3.516606937,
677,-3.501275472,
679,-3.527734386,
681,-3.542336911,
683,-3.550423612,
685,-3.560715121,
687,-3.536558422,
689,-3.542346506,
691,-3.542440313,
693,-3.524803036,
695,-3.574690909,
697,-3.571841372,
699,-3.586454691,
701,-3.580663008,
703,-3.589483446,
705,-3.598220872,
707,-3.601163016,
709,-3.615864145,
711,-3.60712672,
713,-3.624766396,
715,-3.615871342,
717,-3.624768794,
719,-3.624769994,
721,-3.639396507,
723,-3.636459159,
725,-3.639472322,
727,-3.651162687,
729,-3.648293959,
731,-3.655644524,
733,-3.659989122,
735,-3.64529279,
737,-3.679901027,
739,-3.671020366,
741,-3.695337092,
743,-3.709976798,
745,-3.709979197,
747,-3.701162358,
749,-3.724004414,
751,-3.72762487,
753,-3.760018702,
755,-3.733562187,
757,-3.739442878,
759,-3.710046617,
761,-3.74748015,
763,-3.730579009,
765,-3.7364609,
767,-3.733569383,
769,-3.75704392,
771,-3.749005449,
773,-3.777626939,
775,-3.789388322,
777,-3.801189539,
779,-3.777634136,
781,-3.804094249,
783,-3.80997614,
785,-3.798219555,
787,-3.780617314,
789,-3.824714704,
791,-3.824715903,
793,-3.842355579,
795,-3.845267485,
797,-3.859968614,
799,-3.845272283,
801,-3.851154174,
803,-3.851156573,
805,-3.854121759,
807,-3.873231308,
809,-3.836465039,
811,-3.868824088,
813,-3.88940351,
815,-3.883508172,
817,-3.890859936,
819,-3.78650135,
821,-3.892334606,
823,-3.901168491,
825,-3.895290198,
827,-3.909990128,
829,-3.895283948,
831,-3.933510495,
833,-3.910722412,
835,-3.88353216,
837,-3.921755109,
839,-3.936455039,
841,-3.952624841,
843,-3.948216421,
845,-3.91882016,
847,-3.948220966,
849,-3.983500317,
851,-3.957040457,
853,-3.985709924,
855,-3.980567767,
857,-4.001148389,
859,-3.998201699,
861,-4.01291217,
863,-4.007023336,
865,-4.003349853,
867,-4.001146243,
869,-4.018801258,
871,-4.025418085,
873,-4.027607556,
875,-4.048205914,
877,-4.018790716,
879,-4.042309884,
881,-4.033514381,
883,-4.048362785,
885,-4.092289165,
887,-4.061423031,
889,-4.05998169,
891,-4.051164851,
893,-4.059986488,
895,-4.080536178,
897,-4.08200725,
899,-4.084246589,
901,-4.101152528,
903,-4.104058944,
905,-4.098180651,
907,-4.080543374,
909,-4.080583901,
911,-4.118027535,
913,-4.121703417,
915,-4.117337922,
917,-4.130569178,
919,-4.109948031,
921,-4.143021374,
923,-4.127636629,
925,-4.12465036,
927,-4.145279903,
929,-4.148222048,
931,-4.165810402,
933,-4.154106337,
935,-4.159988228,
937,-4.162874255,
939,-4.192272914,
941,-4.201151869,
943,-4.17831152,
945,-4.189397683,
947,-4.192339827,
949,-4.20410121,
951,-4.209983101,
953,-4.192347024,
955,-4.224619716,
957,-4.209990298,
959,-4.227631173,
961,-4.245201537,
963,-4.22763597,
965,-4.236457607,
967,-4.251084627,
969,-4.26284481,
971,-4.242344296,
973,-4.233449749,
975,-4.280565792,
977,-4.236472,
979,-4.265871859,
981,-4.36876537,
983,-4.284985006,
985,-4.2607345,
987,-4.292339169,
989,-4.289314519,
991,-4.315861935,
993,-4.254039965,
995,-4.298228256,
997,-4.324688369,
999,-4.218859911,
1001,-4.298970389,
1002,-4.333419105,
1004,-4.327637711,
1006,-4.327542012,
1008,-4.336461746,
1010,-4.357042368,
1012,-4.333526798,
1014,-4.355474397,
1016,-4.34529058,
1018,-4.359991709,
1020,-4.336476139,
1022,-4.359996506,
1024,-4.368818143,
1026,-4.386348927,
1028,-4.371762687,
1030,-4.363680784,
1032,-4.377533287,
1034,-4.398112709,
1036,-4.392350504,
1038,-4.424572822,
1040,-4.424745032,
1042,-4.417960792,
1044,-4.418696928,
1046,-4.421759959,
1048,-4.424578819,
1050,-4.448222471,
1052,-4.454713615,
1054,-4.442347776,
1056,-4.457048905,
1058,-4.453376622,
1060,-4.424586015,
1062,-4.462935594,
1064,-4.4907327,
1066,-4.470289757,
1068,-4.445304314,
1070,-4.477507441,
1072,-4.489405302,
1074,-4.486467955,
1076,-4.47471137,
1078,-4.489271223,
1080,-4.477513438,
1082,-4.515731336,
1084,-4.535720695,
1086,-4.504120824,
1088,-4.527493919,
1090,-4.512796388,
1092,-4.518677079,
1094,-4.530437263,
1096,-4.520884288,
1098,-4.527653185,
1100,-4.536320353,
1102,-4.551020283,
1104,-4.53647962,
1106,-4.539263697,
1108,-4.565881878,
1110,-4.562944531,
1112,-4.57764566,
1114,-4.577485194,
1116,-4.577650457,
1118,-4.60852019,
1120,-4.612765744,
1122,-4.583537146,
1124,-4.612768143,
1126,-4.601010358,
1128,-4.618650034,
1130,-4.612944201,
1132,-4.609833195,
1134,-4.639231854,
1136,-4.624710382,
1138,-4.645113745,
1140,-4.642175199,
1142,-4.618838086,
1144,-4.627659723,
1146,-4.662939075,
1148,-4.662941473,
1150,-4.668823364,
1152,-4.654127033,
1154,-4.633551209,
1156,-4.686280985,
1158,-4.677823208,
1160,-4.683534089,
1162,-4.691620789,
1164,-4.692358124,
1166,-4.709998999,
1168,-4.704121906,
1170,-4.707064051,
1172,-4.695307466,
1174,-4.69824961,
1176,-4.721769978,
1178,-4.715862649,
1180,-4.712753092,
1182,-4.723214412,
1184,-4.709815745,
1186,-4.686298976,
1188,-4.72178437,
1190,-4.745304737,
1192,-4.748037241,
1194,-4.751189027,
1196,-4.736492696,
1198,-4.750980585,
1200,-4.7688347,
1202,-4.792355067,
1204,-4.78332139,
1206,-4.768623859,
1208,-4.750986582,
1210,-4.780605678,
1212,-4.789427315,
1214,-4.794351434,
1216,-4.789208078,
1218,-4.768631055,
1220,-4.777451493,
1222,-4.78627193,
1224,-4.836248812,
1226,-4.833711307,
1228,-4.807084982,
1230,-4.816641555,
1232,-4.818848763,
1234,-4.833315063,
1236,-4.845311275,
1238,-4.81885596,
1240,-4.833318662,
1242,-4.860188212,
1244,-4.856839029,
1246,-4.839443777,
1248,-4.850961935,
1250,-4.851207559,
1252,-4.852679831,
1254,-4.827447565,
1256,-4.88330394,
1258,-4.871795377,
1260,-4.903884561,
1262,-4.895318143,
1264,-4.895320541,
1266,-4.900948413,
1268,-4.898265085,
1270,-4.895327738,
1272,-4.883571152,
1274,-4.901212027,
1276,-4.901214426,
1278,-4.939172308,
1280,-4.921797446,
1282,-4.900958008,
1284,-4.918862498,
1286,-4.930357867,
1288,-4.936238559,
1290,-4.949002091,
1292,-4.968578164,
1294,-4.983548905,
1296,-4.974732065,
1298,-4.956361051,
1300,-4.936520164,
1302,-4.976668463,
1304,-5.006802059,
1306,-4.98944279,
1308,-4.93252002,
1310,-4.985037968,
1312,-4.980630748,
1314,-4.998723754,
1316,-4.998274022,
1318,-5.003135772,
1320,-5.010037804,
1322,-4.98725717,
1324,-5.012693545,
1326,-5.021513983,
1328,-5.033445176,
1330,-5.036507512,
1332,-5.009758597,
1334,-5.03651231,
1336,-5.039158456,
1338,-5.043866472,
1340,-5.074736205,
1342,-5.062979619,
1344,-5.053127047,
1346,-5.062682421,
1348,-5.068563113,
1350,-5.033591754,
1352,-5.099429768,
1354,-5.101210711,
1356,-5.092564881,
1358,-5.067408429,
1360,-5.047992087,
1362,-5.089149731,
1364,-5.14017434,
1366,-5.11886358,
1368,-5.118865978,
1370,-5.118868377,
1372,-5.095352808,
1374,-5.086535968,
1376,-5.118140637,
1378,-5.118143036,
1380,-5.139458593,
1382,-5.14828023,
1384,-5.137993518,
1386,-5.13620006,
1388,-5.145347681,
1390,-5.154169318,
1392,-5.148292224,
1394,-5.146089814,
1396,-5.161525879,
1398,-5.153845733,
1400,-5.154181312,
1402,-5.133605488,
1404,-5.160065601,
1406,-5.179911286,
1408,-5.180309445,
1410,-5.174431152,
1412,-5.209880314,
1414,-5.218872516,
1416,-5.180314242,
1418,-5.18913468,
1420,-5.210449038,
1422,-5.174050984,
1424,-5.220354383,
1426,-5.230295922,
1428,-5.209718899,
1430,-5.192433992,
1432,-5.209721298,
1434,-5.201258028,
1436,-5.262639125,
1438,-5.248298762,
1440,-5.218903701,
1442,-5.242064501,
1444,-5.251245705,
1446,-5.265584868,
1448,-5.295346693,
1450,-5.2863365,
1452,-5.2512553,
1454,-5.26264992,
1456,-5.295356288,
1458,-5.312628002,
1460,-5.295361086,
1462,-5.304182723,
1464,-5.297197933,
1466,-5.250537155,
1468,-5.274057522,
1470,-5.291698397,
1472,-5.342033858,
1474,-5.330276073,
1476,-5.327337526,
1478,-5.296117612,
1480,-5.307144058,
1482,-5.342039855,
1484,-5.343510927,
1486,-5.327343523,
1488,-5.351249844,
1490,-5.339493259,
1492,-5.316148699,
1494,-5.371835263,
1496,-5.398074436,
1498,-5.434309664,
1500,-5.342050649,
1502,-5.365965366,
1504,-5.395365225,
1506,-5.39830737,
1508,-5.401249515,
1510,-5.360095469,
1512,-5.424772281,
1514,-5.415955441,
1516,-5.398319364,
1518,-5.415960239,
1520,-5.397917818,
1522,-5.439483005,
1524,-5.477702102,
1526,-5.471415068,
1528,-5.424791471,
1530,-5.389516917,
1532,-5.427736015,
1534,-5.421858921,
1536,-5.424801066,
1538,-5.438767259,
1540,-5.451263578,
1542,-5.439506993,
1544,-5.43614891,
1546,-5.451019849,
1548,-5.439514189,
1550,-5.483923381,
1552,-5.468916447,
1554,-5.489497068,
1556,-5.468921245,
1558,-5.439526183,
1560,-5.495383757,
1562,-5.480255895,
1564,-5.510087285,
1566,-5.533607652,
1568,-5.495393352,
1570,-5.486576513,
1572,-5.500840114,
1574,-5.536118266,
1576,-5.536559392,
1578,-5.515983568,
1580,-5.518925713,
1582,-5.495410144,
1584,-5.492028072,
1586,-5.503788256,
1588,-5.522046065,
1590,-5.53951593,
1592,-5.551277313,
1594,-5.515552038,
1596,-5.521432729,
1598,-5.545405017,
1600,-5.618446748,
1602,-5.571867529,
1604,-5.58611194,
1606,-5.56893258,
1608,-5.710042789,
1610,-5.568202442,
1612,-5.584646864,
1614,-5.615978112,
1616,-5.627739495,
1618,-5.595404688,
1620,-5.580708356,
1622,-5.575833623,
1624,-5.612581648,
1626,-5.574836061,
1628,-5.583657697,
1630,-5.630223723,
1632,-5.630224922,
1634,-5.636105614,
1636,-5.583667293,
1638,-5.850709474,
1640,-5.620418916,
1642,-5.61307195,
1644,-5.643206745,
1646,-5.621895985,
1648,-5.642476606,
1650,-5.830138448,
1652,-5.699320948,
1654,-5.671881263,
1656,-5.671883662,
1658,-5.718187061,
1660,-5.683647444,
1662,-5.633182659,
1664,-5.808938185,
1666,-5.754208545,
1668,-5.774789166,
1670,-5.744897807,
1672,-5.686601583,
1674,-5.680225792,
1676,-5.694925722,
1678,-5.774300065,
1680,-5.739526607,
1682,-5.701312307,
1684,-5.650834329,
1686,-5.680738882,
1688,-5.689053426,
1690,-5.722126769,
1692,-5.760119222,
1694,-5.765490422,
1696,-5.722642257,
1698,-5.701331497,
1700,-5.712357944,
1702,-5.830685121,
1704,-5.789531075,
1706,-5.830689918,
1708,-5.787331063,
1710,-5.764936091,
1712,-5.742504734,
1714,-5.766025101,
1716,-5.810858627,
1718,-5.865981264,
1720,-5.827240681,
1722,-5.767504569,
1724,-5.745458872,
1726,-5.812545549,
1728,-5.853703193,
1730,-5.854236672,
1732,-5.830187623,
1734,-5.798386295,
1736,-5.81602717,
1738,-5.830191221,
1740,-5.823381333,
1742,-5.830733097,
1744,-5.839014058,
1746,-5.818437035,
1748,-5.827257472,
1750,-5.818439434,
1752,-5.857202805,
1754,-5.827807744,
1756,-5.889544809,
1758,-5.896347501,
1760,-5.833694432,
1762,-5.845455815,
1764,-5.87779542,
1766,-5.87503914,
1768,-5.925016022,
1770,-5.862547618,
1772,-5.866046031,
1774,-5.871927922,
1776,-5.854291845,
1778,-5.842535259,
1780,-5.880754357,
1782,-5.883133037,
1784,-5.898397631,
1786,-5.936616728,
1788,-5.894895619,
1790,-5.880198089,
1792,-5.891057861,
1794,-5.936626323,
1796,-5.909599147,
1798,-5.912540093,
1800,-5.913115551,
1802,-5.910913141,
1804,-5.912543691,
1806,-5.913122748,
1808,-5.945462353,
1810,-5.986621196,
1812,-5.930186965,
1814,-5.920481708,
1816,-5.889616773,
1818,-5.960173077,
1820,-5.982958508,
1822,-6.001334319,
1824,-5.974290352,
1826,-5.986050535,
1828,-5.971944055,
1830,-6.024861883,
1832,-6.009572102,
1834,-6.033685919,
1836,-6.016049841,
1838,-5.992534272,
1840,-5.96313921,
1842,-5.971960847,
1844,-6.018999183,
1846,-6.018399736,
1848,-6.010184742,
1850,-6.005042585,
1852,-6.034442444,
1854,-6.01607143,
1856,-6.033712306,
1858,-6.030774958,
1860,-6.057235072,
1862,-6.055156157,
1864,-6.021350277,
1866,-6.006652746,
1868,-6.036666444,
1870,-6.045488081,
1872,-6.086646925,
1874,-6.050753734,
1876,-6.063133754,
1878,-6.065454863,
1880,-6.092536012,
1882,-6.077216246,
1884,-6.08897643,
1886,-6.066085494,
1888,-6.107244337,
1890,-6.080789022,
1892,-6.071972183,
1894,-6.060950534,
1896,-6.078591409,
1898,-6.098437093,
1900,-6.17640644,
1902,-6.077863669,
1904,-6.09844429,
1906,-6.04553126,
1908,-6.071991373,
1910,-6.068319089,
1912,-6.101393631,
1914,-6.133733236,
1916,-6.07429689,
1918,-6.15137651,
1920,-6.092583988,
1922,-6.138974901,
1924,-6.113167008,
1926,-6.148446359,
1928,-6.163147488,
1930,-6.144859191,
1932,-6.147718619,
1934,-6.156620574,
1936,-6.192554544,
1938,-6.224237131,
1940,-6.235997315,
1942,-6.144866387,
1944,-6.184479838,
1946,-6.195506284,
1948,-6.174930461,
1950,-6.203666106,
1952,-6.221971195,
1954,-6.210214609,
1956,-6.183759294,
1958,-6.191911919,
1960,-6.19779261,
1962,-6.244829747,
1964,-6.274901016,
1966,-6.200735955,
1968,-6.182363741,
1970,-6.201414562,
1972,-6.221995183,
1974,-6.230138213,
1976,-6.257276933,
1978,-6.250718834,
1980,-6.296286097,
1982,-6.280118693,
1984,-6.262481416,
1986,-6.265422362,
1988,-6.313146501,
1990,-6.295510423,
1992,-6.266115362,
1994,-6.249949157,
1996,-6.253669375,
1998,-6.233092352,
2004,-6.292623408,
2008,-6.249900092,
2012,-6.246960345,
2016,-6.249900092,
2020,-6.185225679,
2024,-6.220502631,
2028,-6.202129218,
2032,-6.236671234,
2036,-6.27121325,
2040,-6.211683393,
2044,-6.245204857,
2048,-6.270478314,
2052,-6.267538568,
2056,-6.307225139,
2060,-6.329273235,
2064,-6.268722825,
2068,-6.29518054,
2072,-6.329273235,
2076,-6.286646917,
2080,-6.27121325,
2084,-6.369694743,
2088,-6.349116521,
2092,-6.345156222,
2096,-6.41452587,
2100,-6.435104092,
2104,-6.372634489,
2108,-6.353975461,
2112,-6.405706632,
2116,-6.355730949,
2120,-6.351035714,
2124,-6.41452587,
2128,-6.391007902,
2132,-6.373369425,
2136,-6.467441299,
2140,-6.426284854,
2144,-6.403951143,
2148,-6.408646378,
2152,-6.426284854,
2156,-6.438043838,
2160,-6.463766616,
2164,-6.532115712,
2168,-6.504637445,
2172,-6.452742569,
2176,-6.476260537,
2180,-6.471565302,
2184,-6.546814442,
2188,-6.590910633,
2192,-6.486264033,
2196,-6.508597743,
2200,-6.535055458,
2204,-6.530360223,
2208,-6.611488855,
2212,-6.616633411,
2216,-6.585031141,
2220,-6.629862268,
2224,-6.635006823,
2228,-6.602669617,
2232,-6.596790125,
2236,-6.576211902,
2240,-6.567392664,
2244,-6.521540985,
2248,-6.606344299,
2252,-6.629127331,
2256,-6.611488855,
2260,-6.629127331,
2264,-6.623247839,
2268,-6.659259728,
2272,-6.629862268,
2276,-6.657054919,
2280,-6.676163268,
2284,-6.632067077,
2288,-6.658524792,
2292,-6.853732288,
2296,-6.694986002,
2300,-6.690127062,
2304,-6.690861998,
2308,-6.711440221,
2312,-6.676163268,
2316,-6.711440221,
2320,-6.776114634,
2324,-6.737897935,
2328,-6.746717173,
2332,-6.829030062,
2336,-6.81551559,
2340,-6.814331332,
2344,-6.796692856,
2348,-6.779503701,
2352,-6.781994126,
2356,-6.820210824,
2360,-6.793018173,
2364,-6.858427523,
2368,-6.831969808,
2372,-6.817271078,
2376,-6.8378493,
2380,-6.846668539,
2384,-6.900768225,
2388,-6.893704475,
2392,-6.879005745,
2396,-6.797877113,
2400,-6.820210824,
2404,-6.876065999,
2408,-6.881945491,
2412,-6.811391586,
2416,-6.873126253,
2420,-6.879005745,
2424,-6.887824983,
2428,-6.907668269,
2432,-6.93486092,
2436,-6.962502892,
2440,-6.952499396,
2444,-6.98116192,
2448,-6.977201622,
2452,-7.037752032,
2456,-7.003210016,
2460,-6.900318904,
2464,-6.990716095,
2468,-7.003210016,
2472,-6.994840098,
2476,-7.040691778,
2480,-7.018643682,
2484,-6.988960606,
2488,-7.093607206,
2492,-7.070089238,
2496,-7.012478575,
2500,-7.073028984,
2504,-7.050245952,
2508,-6.970137873,
2512,-7.056860381,
2516,-7.081848222,
2520,-7.017173809,
2524,-7.012478575,
2528,-7.008354571,
2532,-7.052450762,
2536,-7.085522905,
2540,-7.04657127,
2544,-7.093607206,
2548,-7.064944682,
2552,-7.171224861,
2556,-7.20458262,
2560,-7.117125175,
2564,-7.159465877,
2568,-7.175185159,
2572,-7.143582889,
2576,-7.174164607,
2580,-7.199438064,
2584,-7.199438064,
2588,-7.241778766,
2592,-7.340545874,
2596,-7.261172731,
2600,-7.193558572,
2604,-7.318497779,
2608,-7.305268922,
2612,-7.200622321,
2616,-7.225895778,
2620,-7.364063843,
2624,-7.258232985,
2628,-7.293509937,
2632,-7.264112477,
2636,-7.184739334,
2640,-7.20944156,
2644,-7.352304858,
2648,-7.305268922,
2652,-7.232959528,
2656,-7.293509937,
2660,-7.34348562,
2664,-7.325847144,
2668,-7.390970878,
2672,-7.331726636,
2676,-7.311148414,
2680,-7.300573687,
2684,-7.356428862,
2688,-7.390521557,
2692,-7.341730132,
2696,-7.321437525,
2700,-7.344955493,
2704,-7.446376732,
2708,-7.571030323,
2712,-7.660978193,
2716,-7.433147875,
2720,-7.576460494,
2724,-7.466954954,
2728,-7.359368608,
2732,-7.464015208,
2736,-7.443436986,
2740,-7.345404814,
2744,-7.404485351,
2748,-7.387581811,
2752,-7.34348562,
2756,-7.470629637,
2760,-7.782977654,
2764,-7.433882811,
2768,-7.452256224,
2772,-7.61100251,
2776,-7.502966843,
2780,-7.382886576,
2784,-7.490472922,
2788,-7.487533176,
2792,-7.461075462,
2796,-7.512235402,
2800,-7.550737716,
2804,-7.508111399,
2808,-7.525749875,
2812,-7.669797431,
2816,-7.549267843,
2820,-7.59630378,
2824,-7.699194892,
2828,-7.635990352,
2832,-7.570295387,
2836,-7.690375654,
2840,-7.681556415,
2844,-7.606307276,
2848,-7.575725558,
2852,-7.605123018,
2856,-7.502231907,
2860,-7.591159224,
2864,-7.668327558,
2868,-7.593364034,
2872,-7.663917939,
2876,-7.670532368,
2880,-7.525749875,
2884,-7.675676923,
2888,-7.681556415,
2892,-7.537508859,
2896,-7.623496431,
2900,-7.59630378,
2904,-7.61806626,
2908,-7.655098701,
2912,-7.677146796,
2916,-7.562211085,
2920,-7.669797431,
2924,-7.705074384,
2928,-7.81531486,
2932,-7.769748797,
2936,-7.725652606,
2940,-7.818254606,
2944,-7.784161911,
2948,-7.784447527,
2952,-7.802086003,
2956,-7.714628558,
2960,-7.73741159,
2964,-7.755050067,
2968,-7.78857153,
2972,-7.83442321,
2976,-7.875579654,
2980,-7.865004928,
2984,-7.855001432,
2988,-7.713893622,
2992,-7.909101118,
2996,-7.894688004,
3000,-7.825603972,
3004,-7.795185959,
3008,-7.843242448,
3012,-7.775628289,
3016,-7.78857153,
3020,-7.852061686,
3024,-7.855001432,
3028,-7.782692038,
3032,-7.819724479,
3036,-7.884398892,
3040,-7.837812277,
3044,-7.978470766,
3048,-7.896157877,
3052,-7.782692038,
3056,-7.979655023,
3060,-7.954952798,
3064,-7.987290004,
3068,-7.947317817,
3072,-7.899097623,
3076,-8.00492848,
3080,-7.932619087,
3084,-8.028446449,
3088,-8.003458607,
3092,-7.97553102,
3096,-8.093120862,
3100,-7.99022975,
3104,-7.984350258,
3108,-8.234228672,
3112,-8.028446449,
3116,-7.904977115,
3120,-8.151915783,
3124,-8.155590465,
3128,-8.107819592,
3132,-8.057843909,
3136,-7.972591274,
3140,-7.945847944,
3144,-8.016687465,
3148,-8.099000354,
3152,-8.049024671,
3156,-8.016687465,
3160,-8.122518322,
3164,-8.060783655,
3168,-8.034325941,
3172,-8.099000354,
3176,-8.066663147,
3180,-8.006112738,
3184,-8.057843909,
3188,-8.099000354,
3192,-8.193072227,
3196,-8.273629628,
3200,-8.154855529,
3204,-8.137217052,
3208,-8.173678262,
3212,-8.237168418,
3216,-8.273180307,
3220,-8.158979532,
3224,-8.175433751,
3228,-8.186457799,
3232,-8.171759068,
3236,-8.212915513,
3240,-8.172494005,
3244,-8.196011973,
3248,-8.181313243,
3252,-8.169554259,
3256,-8.193072227,
3260,-8.253051406,
3264,-8.245987656,
3268,-8.17984337,
3272,-8.207770957,
3276,-8.245987656,
3280,-8.251867148,
3284,-8.229084116,
3288,-8.307722323,
3292,-8.287144101,
3296,-8.248927402,
3300,-8.325360799,
3304,-8.290083847,
3308,-8.278324863,
3312,-8.336384847,
3316,-8.296698275,
3320,-8.38415572,
3324,-8.397098962,
3328,-8.417677184,
3332,-8.287144101,
3336,-8.329484803,
3340,-8.485576959,
3344,-8.434131403,
3348,-8.361822009,
3352,-8.39885445,
3356,-8.359902815,
3360,-8.27950912,
3364,-8.378276228,
3368,-8.395914704,
3372,-8.320665565,
3376,-8.357698006,
3380,-8.342264339,
3384,-8.338589656,
3388,-8.375336482,
3392,-8.407673688,
3396,-8.337119783,
3400,-8.303312704,
3404,-8.363577498,
3408,-8.422372419,
3412,-8.410613435,
3416,-8.366517244,
3420,-8.48116734,
3424,-8.437071149,
3428,-8.450014391,
3432,-8.478227594,
3436,-8.416492927,
3440,-8.479697467,
3444,-8.563480229,
3448,-8.585528324,
3452,-8.554660991,
3456,-8.595817435,
3460,-8.554660991,
3464,-8.499540752,
3468,-8.560540483,
3472,-8.625664217,
3476,-8.566419975,
3480,-8.554660991,
3484,-8.62227515,
3488,-8.639913626,
3492,-8.491170835,
3496,-8.625214896,
3500,-8.585528324,
3504,-8.52526353,
3508,-8.557600737,
3512,-8.598757181,
3516,-8.54702601,
3520,-8.62007034,
3524,-8.613455912,
3528,-8.542902007,
3532,-8.542902007,
3536,-8.551721245,
3540,-8.609781229,
3544,-8.595817435,
3548,-8.60757642,
3552,-8.584058451,
3556,-8.57642347,
3560,-8.648732864,
3564,-8.698708547,
3568,-8.707527785,
3572,-8.634034134,
3576,-8.738395119,
3580,-8.664166531,
3584,-8.613455912,
3588,-8.760443214,
3592,-8.642853372,
3596,-8.657552102,
3600,-8.69797361,
3604,-8.737660182,
3608,-8.692829055,
3612,-8.701648293,
3616,-8.341978723,
3620,-8.757503468,
3624,-8.793964678,
3628,-8.82924163,
3632,-8.783961182,
3636,-8.775141944,
3640,-8.817482646,
3644,-8.795720166,
3648,-8.848635595,
3652,-8.939767723,
3656,-8.841000615,
3660,-8.757503468,
3664,-8.822177881,
3668,-8.811603154,
3672,-8.825117627,
3676,-8.96769531,
3680,-9.043843092,
3684,-8.939767723,
3688,-8.883177611,
3692,-9.080875533,
3696,-9.027960104,
3700,-8.990927663,
3704,-9.087939282,
3708,-8.876277567,
3712,-8.880972802,
3716,-8.969165183,
3720,-8.897876341,
3724,-8.922129246,
3728,-9.047068453,
3732,-9.024734742,
3736,-8.986803659,
3740,-9.007831203,
3744,-8.92625325,
3748,-8.886852294,
3752,-8.883912548,
3756,-8.892731786,
3760,-8.898611278,
3764,-8.883912548,
3768,-8.960345945,
3772,-8.96990012,
3776,-8.980924167,
3780,-9.025020358,
3784,-8.977984421,
3788,-9.010321628,
3792,-9.06029731,
3796,-9.09675852,
3800,-9.010321628,
3804,-9.077935787,
3808,-9.107333247,
3812,-9.039719088,
3816,-9.1426102,
3820,-9.114396997,
3824,-9.192585882,
3828,-9.15730893,
3832,-9.17200766,
3836,-9.280778264,
3840,-9.166128168,
3844,-9.318994962,
3848,-9.404247598,
3852,-9.234477264,
3856,-9.201405121,
3860,-9.182011156,
3864,-9.172742597,
3868,-9.134975219,
3872,-9.338838248,
3876,-9.210224359,
3880,-9.201405121,
3884,-9.201405121,
3888,-9.274898772,
3892,-9.257260295,
3896,-9.254320549,
3900,-9.254320549,
3904,-9.133790962,
3908,-9.201405121,
3912,-9.271959026,
3916,-9.235947137,
3920,-9.175682343,
3924,-9.277838518,
3928,-9.260200042,
3932,-9.163188422,
3936,-9.286657756,
3940,-9.266079534,
3944,-9.140854711,
3948,-9.307235978,
3952,-9.36162128,
3956,-9.390283804,
3960,-9.318994962,
3964,-9.340308121,
3968,-9.330753947,
3972,-9.274898772,
3976,-9.333693693,
3980,-9.31311547,
3984,-9.289597502,
3988,-9.451283534,
3992,-9.474801503,
3996,-9.36382609,
4000,-9.428500503,
4004,-9.45422328,
4008,-9.396163296,
4012,-9.380729629,
4016,-9.465982265,
4020,-9.445404042,
4024,-9.407187344,
4028,-9.445404042,
4032,-9.433645058,
4036,-9.398368106,
4040,-9.357211661,
4044,-9.486560487,
4048,-9.460102773,
4052,-9.539475916,
4056,-9.643101964,
4060,-9.47333163,
4064,-9.498319471,
4068,-9.595331091,
4072,-9.566668567,
4076,-9.495379725,
4080,-9.589451599,
4084,-9.621788805,
4088,-9.539475916,
4092,-9.601945519,
4096,-9.621788805,
4100,-9.585776916,
4104,-9.58063236,
4108,-9.751137631,
4112,-9.657800694,
4116,-9.595331091,
4120,-9.616644249,
4124,-9.75554725,
4128,-9.633547789,
4132,-9.654126012,
4136,-9.610029821,
4140,-9.607090075,
4144,-9.689402964,
4148,-9.645306773,
4152,-9.645306773,
4156,-9.712185996,
4160,-9.718800425,
4164,-9.689402964,
4168,-9.768776107,
4172,-9.842269758,
4176,-9.776860409,
4180,-9.827571028,
4184,-9.886365949,
4188,-9.85035406,
4192,-9.780535091,
4196,-9.906944171,
4200,-9.924582648,
4204,-9.798173568,
4208,-9.92825733,
4212,-9.868727473,
4216,-9.845209504,
4220,-9.898124933,
4224,-10.10978665,
4228,-9.937076568,
4232,-9.934586143,
4236,-10.00248592,
4240,-10.0745097,
4244,-9.951040362,
4248,-10.00836541,
4252,-9.980437823,
4256,-10.00983528,
4260,-10.06128084,
4264,-10.1450636,
4268,-10.06569046,
4272,-10.15094309,
4276,-10.26089795,
4280,-10.24501497,
4284,-10.21120789,
4288,-10.31630381,
4292,-10.31850862,
4296,-10.1874043,
4300,-10.24428003,
4304,-10.15976233,
4308,-10.22443674,
4312,-10.27294255,
4316,-10.2920509,
4320,-10.4831344,
4324,-10.38612278,
4328,-10.53898957,
4332,-10.43021897,
4336,-10.42139973,
4340,-10.57132678,
4344,-10.51665586,
4348,-10.63600119,
4352,-10.55662805,
4356,-10.53311008,
4360,-10.53017033,
4364,-10.49709819,
4368,-10.58896525,
4372,-10.54017383,
4376,-10.71610927,
4380,-10.70949484,
4384,-10.66878772,
4388,-10.83222924,
4392,-10.781233,
4396,-10.57324597,
4400,-10.76535002,
4404,-10.81826545,
4408,-10.61954697,
4412,-10.69304062,
4416,-10.65363967,
4420,-10.72125383,
4424,-10.61542297,
4428,-10.75477529,
4432,-10.65069992,
4436,-10.65363967,
4440,-10.78298849,
4444,-10.73521762,
4448,-10.76020546,
4452,-10.81091608,
4456,-10.75771504,
4460,-10.78151862,
4464,-10.69479611,
4468,-10.67025759,
4472,-10.69185637,
4476,-10.79180773,
4480,-10.75624516,
4484,-10.69185637,
4488,-10.7006756,
4492,-10.73713681,
4496,-10.83590392,
4500,-10.65510954,
4504,-10.72419357,
4508,-10.78592824,
4512,-10.69185637,
4516,-10.69479611,
4520,-10.6602541,
4524,-10.54486906,
4528,-10.6624589,
4532,-10.61836271,
4536,-10.60072424,
4540,-10.65510954,
4544,-10.72419357,
4548,-10.7388923,
4552,-10.67348295,
4556,-10.60660373,
4560,-10.73595256,
4564,-10.62424221,
4568,-10.6683384,
4572,-10.65363967,
4576,-10.6080736,
4580,-10.60145917,
4584,-10.71831408,
4588,-10.61248322,
4592,-10.61027841,
4596,-10.57545078,
4600,-10.5536883,
4604,-10.70361535,
4608,-10.66319384,
4612,-10.58529057,
4616,-10.44418276,
4620,-10.52723059,
4624,-10.5698569,
4628,-10.5294354,
4632,-10.58602551,
4636,-10.45079719,
4640,-10.50371262,
4644,-10.61027841,
4648,-10.62424221,
4652,-10.64555537,
4656,-10.52429084,
4660,-10.49489338,
4664,-10.48754402,
4668,-10.59484475,
4672,-10.51371611,
4676,-10.57839053,
4680,-10.591905,
4684,-10.52429084,
4688,-10.49195363,
4692,-10.59778449,
4696,-10.5093065,
4700,-10.49489338,
4704,-10.58308576,
4708,-10.53723408,
4712,-10.65657941,
4716,-10.7065551,
4720,-10.62718195,
4724,-10.65657941,
4728,-10.74183205,
4732,-10.70361535,
4736,-10.4328731,
4740,-10.70949484,
4744,-10.72419357,
4748,-10.70185986,
4752,-10.80769072,
4756,-10.90645783,
4760,-10.76653427,
4764,-10.69598037,
4768,-10.7871125,
4772,-10.69304062,
4776,-10.80769072,
4780,-10.75359103,
4784,-10.71537433,
4788,-10.54899307,
4792,-10.70435029,
4796,-10.7388923,
4800,-10.70214548,
4804,-10.67127814,
4808,-10.67025759,
4812,-10.72198876,
4816,-10.7065551,
4820,-10.75359103,
4824,-10.7065551,
4828,-10.79768722,
4832,-10.79768722,
4836,-10.72786825,
4840,-10.82561481,
4844,-10.8917591,
4848,-10.85648214,
4852,-10.84766291,
4856,-10.90057833,
4860,-10.91058183,
4864,-10.95643351,
4868,-10.88293986,
4872,-10.962313,
4876,-11.02404767,
4880,-11.06373424,
4884,-11.03699091,
4888,-11.10048107,
4892,-10.75653078,
4896,-10.72243808,
4900,-10.79474748,
4904,-10.93116005,
4908,-10.81238595,
4912,-10.76947402,
4916,-11.04168614,
4920,-11.08578234,
4924,-11.0046537,
4928,-11.0166983,
4932,-10.99877421,
4936,-10.94291904,
4940,-11.34741973,
4944,-11.26510684,
4948,-11.26041161,
4952,-11.08578234,
4956,-11.20043243,
4960,-10.91233732,
4964,-10.94585878,
4968,-11.02110792,
4972,-11.14163751,
4976,-10.99465021,
4980,-10.99171046,
4984,-11.10342081,
4988,-11.02229218,
4992,-10.95643351,
4996,-11.17397472,
5000,-11.09137621,
5004,-10.89294335,
5008,-11.1857337,
5012,-11.19161319,
5016,-11.0931317,
5020,-11.24452862,
5024,-11.09460157,
5028,-11.1151798,
5032,-11.17103497,
5036,-11.25702254,
5040,-11.14457726,
5044,-11.10342081,
5048,-11.23101415,
5052,-11.09284608,
5056,-11.25040811,
5060,-11.17985421,
5064,-11.19353239,
5068,-11.1857337,
5072,-11.19528788,
5076,-11.2361587,
5080,-11.08284259,
5084,-11.13869776,
5088,-11.16339999,
5092,-11.12665316,
5096,-11.05638487,
5100,-11.12812304,
5104,-11.2239504,
5108,-11.06226437,
5112,-11.13281827,
5116,-11.21807091,
5120,-11.06226437,
5124,-11.09460157,
5128,-11.02992716,
5132,-11.07667748,
5136,-11.06520411,
5140,-11.18397821,
5144,-10.99905983,
5148,-11.03111142,
5152,-11.14090257,
5156,-11.07328841,
5160,-11.10342081,
5164,-11.20749618,
5168,-11.17985421,
5172,-11.05932462,
5176,-11.25334786,
5180,-11.10048107,
5184,-11.07990284,
5188,-11.04654508,
5192,-10.97333705,
5196,-10.99758995,
5200,-11.15164101,
5204,-10.99877421,
5208,-11.00346945,
5212,-11.21337567,
5216,-11.09211115,
5220,-11.08284259,
5224,-11.10048107,
5228,-11.13694228,
5232,-11.15339649,
5236,-11.15164101,
5240,-11.26510684,
5244,-11.06344862,
5248,-11.21219142,
5252,-11.21807091,
5256,-11.0769631,
5260,-11.31920653,
5264,-11.1093003,
5268,-11.19749269,
5272,-11.38388094,
5276,-11.31802227,
5280,-11.36505821,
5284,-11.41621815,
5288,-11.31802227,
5292,-11.36505821,
5296,-11.24673343,
5300,-11.35329923,
5304,-11.04168614,
5308,-11.06520411,
5312,-11.05638487,
5316,-11.31728734,
5320,-11.44561561,
5324,-11.47207332,
5328,-11.46794932,
5332,-11.48383231,
5336,-11.42385313,
5340,-11.50028653,
5344,-11.45325059,
5348,-11.43855186,
5352,-11.44590123,
5356,-11.50322627,
5360,-11.37800145,
5364,-11.51498526,
5368,-11.52674424,
5372,-11.47676856,
5376,-11.49661185,
5380,-11.51204551,
5384,-11.54189229,
5388,-11.67961104,
5392,-11.53041892,
5396,-11.60215709,
5400,-11.60023789,
5404,-11.65315332,
5408,-11.5238045,
5412,-11.65903281,
5416,-11.58553916,
5420,-11.50028653,
5424,-11.53380799,
5428,-11.60023789,
5432,-11.61318113,
5436,-11.6366991,
5440,-11.67373154,
5444,-11.69255428,
5448,-11.69843377,
5452,-11.54144297,
5456,-11.84129707,
5460,-11.72342161,
5464,-11.72195174,
5468,-11.75898418,
5472,-11.8721644,
5476,-11.57790418,
5480,-11.68079529,
5484,-11.97652539,
5488,-11.85644512,
5492,-11.76016844,
5496,-11.89715224,
5500,-11.78544189,
5504,-11.90009199,
5508,-11.8398272,
5512,-11.8802487,
5516,-11.68961453,
5520,-11.91303523,
5524,-11.97770964,
5528,-12.15703415,
5532,-12.14527517,
5536,-12.20994958,
5540,-12.0129866,
5544,-11.94537244,
5548,-11.86922466,
5552,-11.93830869,
5556,-12.42042704,
5560,-12.27756374,
5564,-12.18643161,
5568,-12.39221384,
5572,-12.34738271,
5576,-12.44908956,
5580,-12.3733911,
5584,-12.32753942,
5588,-12.27637948,
5592,-12.30034677,
5596,-12.30871669,
5600,-12.27931923,
5604,-12.13057644,
5608,-12.36281638,
5612,-12.23934704,
5616,-12.14115117,
5620,-12.18524736,
5624,-12.50098444,
5628,-12.42336679,
5632,-12.44512927,
5636,-12.4216113,
5640,-12.38633434,
5644,-12.41279206,
5648,-12.52772777,
5652,-12.57917333,
5656,-12.36575612,
5660,-12.64678749,
5664,-12.63327301,
5668,-12.56565885,
5672,-12.59166725,
5676,-12.59093231,
5680,-12.72616063,
5684,-12.88784666,
5688,-12.72440514,
5692,-12.80259403,
5696,-12.81802769,
5700,-12.82435651,
5704,-12.93312711,
5708,-12.95076559,
5712,-13.01250025,
5716,-12.91842838,
5720,-13.09068914,
5724,-13.15609849,
5728,-13.21709822,
5732,-13.27295339,
5736,-13.27589314,
5740,-13.27883288,
5744,-13.40230222,
5748,-13.37114927,
5752,-13.35939029,
5756,-13.36233003,
5760,-13.59530491,
5764,-13.5992652,
5768,-13.55782314,
5772,-13.47110064,
5776,-13.45521765,
5780,-13.77683422,
5784,-13.55810876,
5788,-13.70509606,
5792,-13.79622819,
5796,-13.71509956,
5800,-13.69113227,
5804,-13.77564997,
5808,-13.93366132,
5812,-13.71979479,
5816,-13.81092692,
5820,-13.95909848,
5824,-13.8609026,
5828,-13.97261295,
5832,-13.84767374,
5836,-13.91161322,
5840,-14.10563646,
5844,-14.11078102,
5848,-14.27026224,
5852,-14.21367213,
5856,-14.40769537,
5860,-14.18251918,
5864,-14.3760931,
5868,-14.4767794,
5872,-14.27659105,
5876,-14.43709283,
5880,-14.51471048,
5884,-14.69873022,
5888,-14.70166997,
5892,-14.6399353,
5896,-14.94685315,
5900,-15.19554731,
5904,-15.16100529,
5908,-15.36899232,
5912,-15.35135385,
5916,-15.43660648,
5920,-15.54537709,
5924,-15.59829251,
5928,-15.77586153,
5932,-15.73764484,
5936,-16.39026846,
5940,-15.89300206,
5944,-15.94783668,
5948,-16.02014607,
5952,-16.11274807,
5956,-16.28737735,
5960,-16.66072509,
5964,-16.65954084,
5968,-16.73642355,
5972,-16.65219147,
5976,-16.53901125,
5980,-16.56959297,
5984,-16.86826281,
5988,-16.81240763,
5992,-16.45669836,
5996,-16.70363703,
6000,-17.01643437,
